"Date","Price","Open","High","Low","Vol.","Change %"
"11/08/2024","226.96","227.17","228.66","226.40","38.33M","-0.23%"
"11/07/2024","227.48","224.63","227.88","224.57","42.14M","2.14%"
"11/06/2024","222.72","222.61","226.07","221.19","54.56M","-0.33%"
"11/05/2024","223.45","221.79","223.95","221.14","28.11M","0.65%"
"11/04/2024","222.01","220.99","222.79","219.71","44.94M","-0.40%"
"11/01/2024","222.91","220.96","225.35","220.27","65.28M","-1.33%"
"10/31/2024","225.91","229.34","229.83","225.37","64.37M","-1.82%"
"10/30/2024","230.10","232.61","233.47","229.55","47.07M","-1.53%"
"10/29/2024","233.67","233.10","234.32","232.32","35.42M","0.12%"
"10/28/2024","233.40","233.32","234.73","232.55","36.09M","0.86%"
"10/25/2024","231.41","229.74","233.22","229.57","38.80M","0.36%"
"10/24/2024","230.57","229.98","230.82","228.41","31.11M","-0.08%"
"10/23/2024","230.76","234.08","235.14","227.76","52.29M","-2.16%"
"10/22/2024","235.86","233.88","236.22","232.60","38.85M","-0.26%"
"10/21/2024","236.48","234.45","236.85","234.45","36.25M","0.63%"
"10/18/2024","235.00","236.18","236.18","234.01","46.43M","1.23%"
"10/17/2024","232.15","233.43","233.85","230.52","32.99M","0.16%"
"10/16/2024","231.78","231.60","232.12","229.84","34.08M","-0.89%"
"10/15/2024","233.85","233.61","237.49","232.37","64.75M","1.10%"
"10/14/2024","231.30","228.70","231.73","228.60","39.88M","1.65%"
"10/11/2024","227.55","229.30","229.41","227.34","31.76M","-0.65%"
"10/10/2024","229.04","227.78","229.50","227.17","28.18M","-0.22%"
"10/09/2024","229.54","225.23","229.75","224.83","33.59M","1.67%"
"10/08/2024","225.77","224.30","225.98","223.25","31.86M","1.84%"
"10/07/2024","221.69","224.50","225.69","221.33","39.51M","-2.25%"
"10/04/2024","226.80","227.90","228.00","224.13","37.35M","0.50%"
"10/03/2024","225.67","225.14","226.80","223.32","34.04M","-0.49%"
"10/02/2024","226.78","225.89","227.37","223.02","32.88M","0.25%"
"10/01/2024","226.21","229.52","229.65","223.74","63.29M","-2.91%"
"09/30/2024","233.00","230.04","233.00","229.65","54.79M","2.29%"
"09/27/2024","227.79","228.46","229.52","227.30","34.03M","0.12%"
"09/26/2024","227.52","227.30","228.50","225.41","36.64M","0.51%"
"09/25/2024","226.37","224.93","227.29","224.02","42.31M","-0.44%"
"09/24/2024","227.37","228.65","229.35","225.73","43.56M","0.40%"
"09/23/2024","226.47","227.34","229.45","225.81","54.15M","-0.76%"
"09/20/2024","228.20","229.97","233.09","227.62","318.68M","-0.29%"
"09/19/2024","228.87","224.99","229.82","224.63","66.78M","3.71%"
"09/18/2024","220.69","217.55","222.71","217.54","59.89M","1.80%"
"09/17/2024","216.79","215.75","216.90","214.50","45.52M","0.22%"
"09/16/2024","216.32","216.54","217.22","213.92","59.36M","-2.78%"
"09/13/2024","222.50","223.58","224.04","221.91","36.77M","-0.12%"
"09/12/2024","222.77","222.50","223.55","219.82","37.50M","0.05%"
"09/11/2024","222.66","221.46","223.09","217.89","44.59M","1.16%"
"09/10/2024","220.11","218.92","221.48","216.73","51.59M","-0.36%"
"09/09/2024","220.91","220.82","221.27","216.71","67.18M","0.04%"
"09/06/2024","220.82","223.95","225.24","219.77","48.42M","-0.70%"
"09/05/2024","222.38","221.63","225.48","221.52","36.62M","0.69%"
"09/04/2024","220.85","221.66","221.78","217.48","43.84M","-0.86%"
"09/03/2024","222.77","228.55","229.00","221.17","50.19M","-2.72%"
"08/30/2024","229.00","230.19","230.40","227.48","52.99M","-0.34%"
"08/29/2024","229.79","230.10","232.92","228.88","51.91M","1.46%"
"08/28/2024","226.49","227.92","229.86","225.68","38.05M","-0.68%"
"08/27/2024","228.03","225.99","228.85","224.89","35.93M","0.37%"
"08/26/2024","227.18","226.76","227.28","223.89","30.60M","0.15%"
"08/23/2024","226.84","225.66","228.22","224.33","38.68M","1.03%"
"08/22/2024","224.53","227.79","228.34","223.90","43.70M","-0.83%"
"08/21/2024","226.40","226.52","227.98","225.05","34.77M","-0.05%"
"08/20/2024","226.51","225.77","227.17","225.45","30.30M","0.27%"
"08/19/2024","225.89","225.72","225.99","223.04","40.69M","-0.07%"
"08/16/2024","226.05","223.92","226.83","223.65","44.34M","0.59%"
"08/15/2024","224.72","224.60","225.35","222.76","46.41M","1.35%"
"08/14/2024","221.72","220.57","223.03","219.70","41.96M","0.20%"
"08/13/2024","221.27","219.01","221.89","219.01","44.16M","1.72%"
"08/12/2024","217.53","216.07","219.51","215.60","38.03M","0.60%"
"08/09/2024","216.24","212.10","216.78","211.97","42.20M","1.37%"
"08/08/2024","213.31","213.11","214.20","208.83","47.16M","1.66%"
"08/07/2024","209.82","206.90","213.64","206.39","63.52M","1.25%"
"08/06/2024","207.23","205.30","209.99","201.07","69.66M","-0.97%"
"08/05/2024","209.27","199.09","213.50","196.00","119.55M","-4.82%"
"08/02/2024","219.86","219.15","225.60","217.71","105.57M","0.69%"
"08/01/2024","218.36","224.37","224.48","217.02","62.50M","-1.68%"
"07/31/2024","222.08","221.44","223.82","220.63","50.04M","1.50%"
"07/30/2024","218.80","219.19","220.32","216.12","41.64M","0.26%"
"07/29/2024","218.24","216.96","219.30","215.75","36.31M","0.13%"
"07/26/2024","217.96","218.70","219.49","216.01","41.60M","0.22%"
"07/25/2024","217.49","218.93","220.85","214.62","51.39M","-0.48%"
"07/24/2024","218.54","224.00","224.80","217.13","61.78M","-2.88%"
"07/23/2024","225.01","224.37","226.94","222.68","39.96M","0.47%"
"07/22/2024","223.96","227.01","227.78","223.09","48.20M","-0.16%"
"07/19/2024","224.31","224.82","226.80","223.27","49.15M","0.06%"
"07/18/2024","224.18","230.28","230.44","222.27","66.03M","-2.05%"
"07/17/2024","228.88","229.45","231.46","226.64","57.35M","-2.53%"
"07/16/2024","234.82","235.00","236.27","232.33","43.23M","0.18%"
"07/15/2024","234.40","236.48","237.23","233.09","62.63M","1.67%"
"07/12/2024","230.54","228.92","232.64","228.68","53.05M","1.31%"
"07/11/2024","227.57","231.39","232.39","225.77","64.71M","-2.32%"
"07/10/2024","232.98","229.30","233.08","229.25","62.63M","1.88%"
"07/09/2024","228.68","227.93","229.40","226.37","48.17M","0.38%"
"07/08/2024","227.82","227.09","227.85","223.25","59.09M","0.65%"
"07/05/2024","226.34","221.65","226.45","221.65","60.41M","2.16%"
"07/03/2024","221.55","220.00","221.55","219.03","37.37M","0.58%"
"07/02/2024","220.27","216.15","220.38","215.10","58.05M","1.62%"
"07/01/2024","216.75","212.09","217.51","211.92","60.40M","2.91%"
"06/28/2024","210.62","215.77","216.07","210.30","82.54M","-1.63%"
"06/27/2024","214.10","214.69","215.74","212.35","49.77M","0.40%"
"06/26/2024","213.25","211.50","214.86","210.64","66.21M","2.00%"
"06/25/2024","209.07","209.15","211.38","208.61","56.71M","0.45%"
"06/24/2024","208.14","207.72","212.70","206.59","80.73M","0.31%"
"06/21/2024","207.49","210.39","211.89","207.11","246.42M","-1.04%"
"06/20/2024","209.68","213.93","214.24","208.85","86.17M","-2.15%"
"06/18/2024","214.29","217.59","218.63","213.00","79.94M","-1.10%"
"06/17/2024","216.67","213.37","218.95","212.72","93.73M","1.97%"
"06/14/2024","212.49","213.85","215.17","211.30","70.12M","-0.82%"
"06/13/2024","214.24","214.74","216.75","211.60","97.86M","0.55%"
"06/12/2024","213.07","207.37","220.20","206.90","198.13M","2.86%"
"06/11/2024","207.15","193.65","207.16","193.63","172.37M","7.26%"
"06/10/2024","193.12","196.90","197.30","192.15","97.26M","-1.91%"
"06/07/2024","196.89","194.65","196.94","194.14","53.10M","1.24%"
"06/06/2024","194.48","195.68","196.50","194.17","41.18M","-0.71%"
"06/05/2024","195.87","195.40","196.90","194.87","54.16M","0.78%"
"06/04/2024","194.35","194.63","195.32","193.03","47.47M","0.16%"
"06/03/2024","194.03","192.90","194.99","192.52","50.08M","0.93%"
"05/31/2024","192.25","191.44","192.57","189.91","75.16M","0.50%"
"05/30/2024","191.29","190.76","192.18","190.63","49.95M","0.53%"
"05/29/2024","190.29","189.61","192.25","189.51","53.07M","0.16%"
"05/28/2024","189.99","191.51","193.00","189.10","52.28M","0.01%"
"05/24/2024","189.98","188.82","190.58","188.04","36.33M","1.66%"
"05/23/2024","186.88","190.98","191.00","186.63","51.01M","-2.11%"
"05/22/2024","190.90","192.26","192.82","190.27","34.65M","-0.75%"
"05/21/2024","192.35","191.09","192.73","190.92","42.31M","0.69%"
"05/20/2024","191.04","189.32","191.92","189.01","44.36M","0.62%"
"05/17/2024","189.87","189.51","190.81","189.18","41.28M","0.02%"
"05/16/2024","189.84","190.47","191.10","189.66","52.85M","0.06%"
"05/15/2024","189.72","187.91","190.65","187.37","70.40M","1.22%"
"05/14/2024","187.43","187.51","188.30","186.29","52.39M","0.62%"
"05/13/2024","186.28","185.43","187.10","184.62","72.04M","1.76%"
"05/10/2024","183.05","184.90","185.09","182.13","50.76M","-0.82%"
"05/09/2024","184.57","182.56","184.66","182.11","48.98M","1.00%"
"05/08/2024","182.74","182.85","183.07","181.45","45.06M","0.19%"
"05/07/2024","182.40","183.45","184.90","181.32","77.31M","0.38%"
"05/06/2024","181.71","182.35","184.20","180.42","78.57M","-0.91%"
"05/03/2024","183.38","186.65","187.00","182.66","163.22M","5.98%"
"05/02/2024","173.03","172.51","173.41","170.89","94.21M","2.20%"
"05/01/2024","169.30","169.58","172.71","169.11","50.38M","-0.60%"
"04/30/2024","170.33","173.33","174.99","170.00","65.93M","-1.83%"
"04/29/2024","173.50","173.37","176.03","173.10","68.17M","2.48%"
"04/26/2024","169.30","169.88","171.34","169.18","44.84M","-0.35%"
"04/25/2024","169.89","169.52","170.61","168.15","50.56M","0.51%"
"04/24/2024","169.02","166.54","169.30","166.21","48.25M","1.27%"
"04/23/2024","166.90","165.35","167.05","164.92","49.54M","0.64%"
"04/22/2024","165.84","165.51","167.26","164.77","48.12M","0.51%"
"04/19/2024","165.00","166.21","166.40","164.07","68.15M","-1.22%"
"04/18/2024","167.04","168.03","168.64","166.55","43.12M","-0.57%"
"04/17/2024","168.00","169.61","170.65","168.00","50.90M","-0.81%"
"04/16/2024","169.38","171.75","173.76","168.27","73.71M","-1.92%"
"04/15/2024","172.69","175.36","176.63","172.50","73.53M","-2.19%"
"04/12/2024","176.55","174.26","178.36","174.21","101.67M","0.86%"
"04/11/2024","175.04","168.34","175.46","168.16","91.07M","4.33%"
"04/10/2024","167.78","168.80","169.09","167.11","49.71M","-1.11%"
"04/09/2024","169.67","168.70","170.08","168.35","42.45M","0.72%"
"04/08/2024","168.45","169.03","169.20","168.24","37.43M","-0.67%"
"04/05/2024","169.58","169.59","170.39","168.95","42.10M","0.45%"
"04/04/2024","168.82","170.29","171.92","168.82","53.70M","-0.49%"
"04/03/2024","169.65","168.79","170.68","168.58","47.69M","0.48%"
"04/02/2024","168.84","169.08","169.34","168.23","49.33M","-0.70%"
"04/01/2024","170.03","171.19","171.25","169.48","46.24M","-0.85%"
"03/28/2024","171.48","171.75","172.23","170.51","65.67M","-1.06%"
"03/27/2024","173.31","170.41","173.60","170.11","60.27M","2.12%"
"03/26/2024","169.71","170.00","171.42","169.58","57.39M","-0.67%"
"03/25/2024","170.85","170.57","171.94","169.45","54.29M","-0.83%"
"03/22/2024","172.28","171.76","173.05","170.06","71.16M","0.53%"
"03/21/2024","171.37","177.05","177.49","170.84","106.18M","-4.09%"
"03/20/2024","178.67","175.72","178.67","175.09","53.42M","1.47%"
"03/19/2024","176.08","174.34","176.60","173.03","55.22M","1.36%"
"03/18/2024","173.72","175.57","177.71","173.52","75.60M","0.64%"
"03/15/2024","172.62","171.17","172.62","170.29","121.75M","-0.22%"
"03/14/2024","173.00","172.91","174.31","172.05","72.91M","1.09%"
"03/13/2024","171.13","172.77","173.18","170.76","52.49M","-1.21%"
"03/12/2024","173.23","173.15","174.03","171.01","59.83M","0.28%"
"03/11/2024","172.75","172.94","174.38","172.05","60.14M","1.18%"
"03/08/2024","170.73","169.00","173.70","168.94","76.27M","1.02%"
"03/07/2024","169.00","169.15","170.73","168.49","71.77M","-0.07%"
"03/06/2024","169.12","171.06","171.24","168.68","68.59M","-0.59%"
"03/05/2024","170.12","170.76","172.04","169.62","95.13M","-2.84%"
"03/04/2024","175.10","176.15","176.90","173.79","81.51M","-2.54%"
"03/01/2024","179.66","179.55","180.53","177.38","73.56M","-0.60%"
"02/29/2024","180.75","181.27","182.57","179.53","136.68M","-0.37%"
"02/28/2024","181.42","182.51","183.12","180.13","48.95M","-0.66%"
"02/27/2024","182.63","181.10","183.92","179.56","54.32M","0.81%"
"02/26/2024","181.16","182.24","182.76","180.65","40.87M","-0.75%"
"02/23/2024","182.52","185.01","185.04","182.23","45.12M","-1.00%"
"02/22/2024","184.37","183.48","184.96","182.46","52.29M","1.12%"
"02/21/2024","182.32","181.94","182.89","180.66","41.53M","0.42%"
"02/20/2024","181.56","181.79","182.43","180.00","53.67M","-0.41%"
"02/16/2024","182.31","183.42","184.85","181.66","49.75M","-0.84%"
"02/15/2024","183.86","183.55","184.49","181.35","65.43M","-0.16%"
"02/14/2024","184.15","185.32","185.53","182.44","54.63M","-0.48%"
"02/13/2024","185.04","185.77","186.21","183.51","56.53M","-1.13%"
"02/12/2024","187.15","188.41","188.67","186.79","41.78M","-0.90%"
"02/09/2024","188.85","188.65","189.99","188.00","45.16M","0.28%"
"02/08/2024","188.32","189.38","189.54","187.35","40.96M","-0.58%"
"02/07/2024","189.41","190.64","191.05","188.61","53.44M","0.06%"
"02/06/2024","189.30","186.86","189.31","186.77","43.49M","0.86%"
"02/05/2024","187.68","188.15","189.25","185.84","69.67M","0.98%"
"02/02/2024","185.85","179.86","187.33","179.25","102.55M","-0.54%"
"02/01/2024","186.86","183.99","186.95","183.82","64.89M","1.33%"
"01/31/2024","184.40","187.04","187.10","184.35","55.47M","-1.94%"
"01/30/2024","188.04","190.94","191.80","187.47","55.86M","-1.92%"
"01/29/2024","191.73","192.01","192.20","189.58","47.15M","-0.36%"
"01/26/2024","192.42","194.27","194.76","191.94","44.59M","-0.90%"
"01/25/2024","194.17","195.22","196.27","193.11","54.82M","-0.17%"
"01/24/2024","194.50","195.42","196.38","194.34","53.63M","-0.35%"
"01/23/2024","195.18","195.02","195.75","193.83","42.36M","0.67%"
"01/22/2024","193.89","192.30","195.33","192.26","60.13M","1.22%"
"01/19/2024","191.56","189.33","191.95","188.82","68.90M","1.55%"
"01/18/2024","188.63","186.09","189.14","185.83","78.01M","3.26%"
"01/17/2024","182.68","181.27","182.93","180.30","47.32M","-0.52%"
"01/16/2024","183.63","182.16","184.26","180.93","65.60M","-1.23%"
"01/12/2024","185.92","186.06","186.74","185.19","40.48M","0.18%"
"01/11/2024","185.59","186.54","187.05","183.62","49.13M","-0.32%"
"01/10/2024","186.19","184.35","186.40","183.92","46.79M","0.57%"
"01/09/2024","185.14","183.92","185.15","182.73","42.84M","-0.23%"
"01/08/2024","185.56","182.09","185.60","181.50","59.14M","2.42%"
"01/05/2024","181.18","181.99","182.76","180.17","62.38M","-0.40%"
"01/04/2024","181.91","182.15","183.09","180.88","71.98M","-1.27%"
"01/03/2024","184.25","184.22","185.88","183.43","58.41M","-0.75%"
"01/02/2024","185.64","187.15","188.44","183.88","82.49M","-3.58%"
"12/29/2023","192.53","193.90","194.40","191.73","42.67M","-0.54%"
"12/28/2023","193.58","194.14","194.66","193.17","34.05M","0.22%"
"12/27/2023","193.15","192.49","193.50","191.09","48.09M","0.05%"
"12/26/2023","193.05","193.61","193.89","192.83","28.92M","-0.28%"
"12/22/2023","193.60","195.18","195.41","192.97","37.15M","-0.55%"
"12/21/2023","194.68","196.10","197.08","193.50","46.48M","-0.08%"
"12/20/2023","194.83","196.90","197.68","194.83","52.24M","-1.07%"
"12/19/2023","196.94","196.16","196.95","195.89","40.71M","0.54%"
"12/18/2023","195.89","196.09","196.63","194.39","55.75M","-0.85%"
"12/15/2023","197.57","197.53","198.40","197.00","128.54M","-0.27%"
"12/14/2023","198.11","198.02","199.62","196.16","66.83M","0.08%"
"12/13/2023","197.96","195.09","198.00","194.85","70.40M","1.67%"
"12/12/2023","194.71","193.08","194.72","191.72","52.70M","0.79%"
"12/11/2023","193.18","193.11","193.49","191.42","60.94M","-1.29%"
"12/08/2023","195.71","194.20","195.99","193.67","53.41M","0.74%"
"12/07/2023","194.27","193.63","195.00","193.59","47.48M","1.01%"
"12/06/2023","192.32","194.45","194.76","192.11","41.09M","-0.57%"
"12/05/2023","193.42","190.21","194.40","190.18","66.63M","2.11%"
"12/04/2023","189.43","189.98","190.05","187.45","43.39M","-0.95%"
"12/01/2023","191.24","190.33","191.56","189.23","45.70M","0.68%"
"11/30/2023","189.95","189.84","190.32","188.19","48.79M","0.31%"
"11/29/2023","189.37","190.90","192.09","188.97","43.01M","-0.54%"
"11/28/2023","190.40","189.78","191.08","189.40","38.42M","0.32%"
"11/27/2023","189.79","189.92","190.67","188.90","40.55M","-0.09%"
"11/24/2023","189.97","190.87","190.90","189.25","24.05M","-0.70%"
"11/22/2023","191.31","191.49","192.93","190.82","39.63M","0.35%"
"11/21/2023","190.64","191.41","191.52","189.74","38.13M","-0.42%"
"11/20/2023","191.45","189.89","191.90","189.88","46.54M","0.93%"
"11/17/2023","189.69","190.25","190.38","188.57","50.94M","-0.01%"
"11/16/2023","189.71","189.57","190.96","188.65","54.41M","0.90%"
"11/15/2023","188.01","187.85","189.50","187.78","53.79M","0.30%"
"11/14/2023","187.44","187.70","188.11","186.30","60.11M","1.43%"
"11/13/2023","184.80","185.82","186.03","184.21","43.63M","-0.86%"
"11/10/2023","186.40","183.97","186.57","183.53","66.18M","2.19%"
"11/09/2023","182.41","182.96","184.12","181.81","53.76M","-0.26%"
"11/08/2023","182.89","182.35","183.45","181.59","49.34M","0.59%"
"11/07/2023","181.82","179.18","182.44","178.97","70.53M","1.45%"
"11/06/2023","179.23","176.38","179.43","176.21","63.84M","1.46%"
"11/03/2023","176.65","174.24","176.82","173.35","79.83M","-0.52%"
"11/02/2023","177.57","175.52","177.78","175.46","77.33M","2.07%"
"11/01/2023","173.97","171.00","174.23","170.12","56.93M","1.87%"
"10/31/2023","170.77","169.35","170.90","167.90","44.85M","0.28%"
"10/30/2023","170.29","169.02","171.17","168.87","51.13M","1.23%"
"10/27/2023","168.22","166.91","168.96","166.83","58.50M","0.80%"
"10/26/2023","166.89","170.37","171.38","165.67","70.63M","-2.46%"
"10/25/2023","171.10","171.88","173.06","170.65","57.16M","-1.35%"
"10/24/2023","173.44","173.05","173.67","171.45","43.82M","0.25%"
"10/23/2023","173.00","170.91","174.01","169.93","55.98M","0.07%"
"10/20/2023","172.88","175.31","175.42","172.64","64.24M","-1.47%"
"10/19/2023","175.46","176.04","177.84","175.19","59.30M","-0.22%"
"10/18/2023","175.84","175.58","177.57","175.11","54.76M","-0.74%"
"10/17/2023","177.15","176.65","178.42","174.80","57.55M","-0.88%"
"10/16/2023","178.72","176.75","179.07","176.51","52.52M","-0.07%"
"10/13/2023","178.85","181.42","181.93","178.14","51.46M","-1.03%"
"10/12/2023","180.71","180.07","182.34","179.04","56.74M","0.51%"
"10/11/2023","179.80","178.20","179.85","177.60","47.55M","0.79%"
"10/10/2023","178.39","178.10","179.72","177.95","43.70M","-0.34%"
"10/09/2023","178.99","176.81","179.05","175.80","42.39M","0.85%"
"10/06/2023","177.49","173.80","177.99","173.18","57.27M","1.48%"
"10/05/2023","174.91","173.79","175.45","172.68","48.53M","0.72%"
"10/04/2023","173.66","171.09","174.21","170.97","53.02M","0.73%"
"10/03/2023","172.40","172.26","173.63","170.82","49.59M","-0.78%"
"10/02/2023","173.75","171.22","174.30","170.93","52.16M","1.48%"
"09/29/2023","171.21","172.02","173.07","170.34","51.86M","0.30%"
"09/28/2023","170.69","169.34","172.03","167.62","56.29M","0.15%"
"09/27/2023","170.43","172.62","173.04","169.05","66.92M","-0.89%"
"09/26/2023","171.96","174.82","175.20","171.66","64.59M","-2.34%"
"09/25/2023","176.08","174.20","176.97","174.15","46.17M","0.74%"
"09/22/2023","174.79","174.67","177.08","174.05","56.73M","0.49%"
"09/21/2023","173.93","174.55","176.30","173.86","63.15M","-0.89%"
"09/20/2023","175.49","179.26","179.70","175.40","58.44M","-2.00%"
"09/19/2023","179.07","177.52","179.63","177.13","51.83M","0.62%"
"09/18/2023","177.97","176.48","179.38","176.17","67.26M","1.69%"
"09/15/2023","175.01","176.48","176.49","173.82","109.26M","-0.42%"
"09/14/2023","175.74","174.00","176.10","173.58","60.90M","0.88%"
"09/13/2023","174.21","176.51","177.30","173.98","84.27M","-1.19%"
"09/12/2023","176.30","179.49","180.13","174.82","90.37M","-1.71%"
"09/11/2023","179.36","180.07","180.30","177.34","58.95M","0.66%"
"09/08/2023","178.18","178.35","180.24","177.79","65.60M","0.35%"
"09/07/2023","177.56","175.18","178.21","173.54","112.49M","-2.92%"
"09/06/2023","182.91","188.40","188.85","181.47","81.76M","-3.58%"
"09/05/2023","189.70","188.28","189.98","187.61","45.28M","0.13%"
"09/01/2023","189.46","189.49","189.92","188.28","45.77M","0.85%"
"08/31/2023","187.87","187.84","189.12","187.48","60.79M","0.12%"
"08/30/2023","187.65","184.94","187.85","184.74","60.81M","1.92%"
"08/29/2023","184.12","179.70","184.90","179.50","53.00M","2.18%"
"08/28/2023","180.19","180.09","180.59","178.54","43.82M","0.88%"
"08/25/2023","178.61","177.38","179.15","175.82","51.45M","1.26%"
"08/24/2023","176.38","180.67","181.10","176.01","54.95M","-2.62%"
"08/23/2023","181.12","178.52","181.55","178.32","52.72M","2.19%"
"08/22/2023","177.23","177.06","177.68","176.25","42.08M","0.79%"
"08/21/2023","175.84","175.07","176.13","173.74","46.31M","0.77%"
"08/18/2023","174.49","172.30","175.10","171.96","61.17M","0.28%"
"08/17/2023","174.00","177.14","177.51","173.48","66.06M","-1.46%"
"08/16/2023","176.57","177.13","178.54","176.50","46.96M","-0.50%"
"08/15/2023","177.45","178.88","179.48","177.05","43.62M","-1.12%"
"08/14/2023","179.46","177.97","179.69","177.30","43.68M","0.94%"
"08/11/2023","177.79","177.32","178.62","176.55","52.04M","-0.10%"
"08/10/2023","177.97","179.48","180.75","177.60","54.69M","-0.12%"
"08/09/2023","178.19","180.87","180.93","177.01","60.38M","-0.90%"
"08/08/2023","179.80","179.69","180.27","177.58","67.82M","0.53%"
"08/07/2023","178.85","182.13","183.13","177.35","97.58M","-1.73%"
"08/04/2023","181.99","185.52","187.38","181.92","115.96M","-4.80%"
"08/03/2023","191.17","191.57","192.37","190.69","62.24M","-0.73%"
"08/02/2023","192.58","195.04","195.18","191.85","50.39M","-1.55%"
"08/01/2023","195.60","196.24","196.73","195.28","35.28M","-0.43%"
"07/31/2023","196.45","196.06","196.49","195.26","38.82M","0.32%"
"07/28/2023","195.83","194.67","196.63","194.14","48.29M","1.35%"
"07/27/2023","193.22","196.02","197.20","192.55","47.46M","-0.66%"
"07/26/2023","194.50","193.67","195.64","193.32","47.47M","0.45%"
"07/25/2023","193.62","193.33","194.44","192.91","37.28M","0.45%"
"07/24/2023","192.75","193.41","194.91","192.25","45.51M","0.42%"
"07/21/2023","191.94","194.10","194.97","191.23","71.95M","-0.62%"
"07/20/2023","193.13","195.09","196.47","192.49","59.58M","-1.01%"
"07/19/2023","195.10","193.10","198.23","192.65","80.51M","0.71%"
"07/18/2023","193.73","193.35","194.33","192.41","48.35M","-0.13%"
"07/17/2023","193.99","191.90","194.32","191.81","50.52M","1.73%"
"07/14/2023","190.69","190.23","191.18","189.63","41.62M","0.08%"
"07/13/2023","190.54","190.50","191.19","189.78","41.34M","0.41%"
"07/12/2023","189.77","189.68","191.70","188.47","60.75M","0.90%"
"07/11/2023","188.08","189.16","189.30","186.60","46.64M","-0.28%"
"07/10/2023","188.61","189.26","189.99","187.04","59.92M","-1.09%"
"07/07/2023","190.68","191.41","192.67","190.24","46.82M","-0.59%"
"07/06/2023","191.81","189.84","192.02","189.20","45.16M","0.25%"
"07/05/2023","191.33","191.57","192.98","190.62","46.92M","-0.59%"
"07/03/2023","192.46","193.78","193.88","191.76","31.46M","-0.78%"
"06/30/2023","193.97","191.63","194.48","191.26","85.21M","2.31%"
"06/29/2023","189.59","189.08","190.07","188.94","46.35M","0.18%"
"06/28/2023","189.25","187.93","189.90","187.60","51.22M","0.63%"
"06/27/2023","188.06","185.89","188.39","185.67","50.73M","1.51%"
"06/26/2023","185.27","186.83","188.05","185.23","48.09M","-0.76%"
"06/23/2023","186.68","185.55","187.56","185.01","53.12M","-0.17%"
"06/22/2023","187.00","183.74","187.04","183.67","51.25M","1.65%"
"06/21/2023","183.96","184.90","185.41","182.59","49.52M","-0.57%"
"06/20/2023","185.01","184.41","186.10","184.41","49.80M","0.05%"
"06/16/2023","184.92","186.73","186.99","184.27","101.26M","-0.59%"
"06/15/2023","186.01","183.96","186.52","183.78","65.43M","1.12%"
"06/14/2023","183.95","183.37","184.39","182.02","57.46M","0.35%"
"06/13/2023","183.31","182.80","184.15","182.44","54.93M","-0.26%"
"06/12/2023","183.79","181.27","183.89","180.97","54.76M","1.56%"
"06/09/2023","180.96","181.50","182.23","180.63","48.90M","0.22%"
"06/08/2023","180.57","177.90","180.84","177.46","50.21M","1.55%"
"06/07/2023","177.82","178.44","181.21","177.32","61.94M","-0.78%"
"06/06/2023","179.21","179.96","180.12","177.43","64.85M","-0.21%"
"06/05/2023","179.58","182.63","184.95","178.04","121.95M","-0.76%"
"06/02/2023","180.95","181.03","181.78","179.26","62.00M","0.48%"
"06/01/2023","180.09","177.70","180.12","176.93","68.90M","1.60%"
"05/31/2023","177.25","177.32","179.35","176.76","99.63M","-0.03%"
"05/30/2023","177.30","176.96","178.99","176.57","55.96M","1.07%"
"05/26/2023","175.43","173.32","175.77","173.11","54.84M","1.41%"
"05/25/2023","172.99","172.41","173.90","171.69","56.06M","0.67%"
"05/24/2023","171.84","171.09","172.42","170.52","45.14M","0.16%"
"05/23/2023","171.56","173.13","173.38","171.27","50.75M","-1.52%"
"05/22/2023","174.20","173.98","174.71","173.45","43.57M","-0.55%"
"05/19/2023","175.16","176.39","176.39","174.94","55.81M","0.06%"
"05/18/2023","175.05","173.00","175.24","172.58","65.50M","1.37%"
"05/17/2023","172.69","171.71","172.93","170.42","57.95M","0.36%"
"05/16/2023","172.07","171.99","173.14","171.80","42.11M","0.00%"
"05/15/2023","172.07","173.16","173.21","171.47","37.27M","-0.29%"
"05/12/2023","172.57","173.62","174.06","171.00","45.53M","-0.68%"
"05/11/2023","173.75","173.85","174.59","172.17","49.51M","0.11%"
"05/10/2023","173.55","173.02","174.03","171.90","53.72M","1.04%"
"05/09/2023","171.77","173.05","173.54","171.60","45.33M","-1.00%"
"05/08/2023","173.50","172.48","173.85","172.11","55.96M","-0.04%"
"05/05/2023","173.57","170.98","174.30","170.76","113.45M","4.69%"
"05/04/2023","165.79","164.89","167.04","164.31","81.24M","-0.99%"
"05/03/2023","167.45","169.50","170.92","167.16","65.14M","-0.65%"
"05/02/2023","168.54","170.09","170.35","167.54","48.43M","-0.62%"
"05/01/2023","169.59","169.28","170.45","168.64","52.47M","-0.05%"
"04/28/2023","169.68","168.49","169.85","167.88","55.28M","0.75%"
"04/27/2023","168.41","165.19","168.56","165.19","64.90M","2.84%"
"04/26/2023","163.76","163.05","165.28","162.80","45.50M","-0.01%"
"04/25/2023","163.77","165.19","166.30","163.73","48.71M","-0.94%"
"04/24/2023","165.33","165.00","165.60","163.89","41.95M","0.19%"
"04/21/2023","165.02","165.05","166.45","164.49","58.34M","-0.98%"
"04/20/2023","166.65","166.09","167.87","165.56","52.46M","-0.58%"
"04/19/2023","167.63","165.80","168.16","165.54","47.72M","0.70%"
"04/18/2023","166.47","166.10","167.41","165.65","49.92M","0.75%"
"04/17/2023","165.23","165.09","165.39","164.03","41.52M","0.01%"
"04/14/2023","165.21","164.59","166.32","163.82","49.39M","-0.21%"
"04/13/2023","165.56","161.63","165.80","161.42","68.45M","3.41%"
"04/12/2023","160.10","161.22","162.06","159.78","50.13M","-0.44%"
"04/11/2023","160.80","162.35","162.36","160.51","47.64M","-0.76%"
"04/10/2023","162.03","161.42","162.03","160.08","47.72M","-1.60%"
"04/06/2023","164.66","162.43","164.96","162.00","45.39M","0.55%"
"04/05/2023","163.76","164.74","165.05","161.80","51.51M","-1.13%"
"04/04/2023","165.63","166.60","166.84","165.11","46.28M","-0.32%"
"04/03/2023","166.17","164.27","166.29","164.22","56.98M","0.77%"
"03/31/2023","164.90","162.44","165.00","161.91","68.75M","1.56%"
"03/30/2023","162.36","161.53","162.47","161.27","49.50M","0.99%"
"03/29/2023","160.77","159.37","161.05","159.35","51.31M","1.98%"
"03/28/2023","157.65","157.97","158.49","155.98","45.99M","-0.40%"
"03/27/2023","158.28","159.94","160.77","157.87","52.39M","-1.23%"
"03/24/2023","160.25","158.86","160.34","157.85","59.26M","0.83%"
"03/23/2023","158.93","158.83","161.55","157.68","67.62M","0.70%"
"03/22/2023","157.83","159.30","162.14","157.81","75.70M","-0.91%"
"03/21/2023","159.28","157.32","159.40","156.54","73.94M","1.19%"
"03/20/2023","157.40","155.07","157.82","154.15","73.64M","1.55%"
"03/17/2023","155.00","156.08","156.74","154.28","98.94M","-0.55%"
"03/16/2023","155.85","152.16","156.46","151.64","76.25M","1.87%"
"03/15/2023","152.99","151.19","153.24","149.92","77.17M","0.26%"
"03/14/2023","152.59","151.28","153.40","150.10","73.70M","1.41%"
"03/13/2023","150.47","147.80","153.14","147.70","84.46M","1.33%"
"03/10/2023","148.50","150.21","150.94","147.61","68.57M","-1.39%"
"03/09/2023","150.59","153.56","154.54","150.23","53.83M","-1.49%"
"03/08/2023","152.87","152.81","153.47","151.83","47.20M","0.84%"
"03/07/2023","151.60","153.70","154.03","151.13","56.18M","-1.45%"
"03/06/2023","153.83","153.79","156.30","153.46","87.56M","1.85%"
"03/03/2023","151.03","148.04","151.11","147.33","70.73M","3.51%"
"03/02/2023","145.91","144.38","146.71","143.90","52.28M","0.41%"
"03/01/2023","145.31","146.83","147.23","145.01","55.48M","-1.42%"
"02/28/2023","147.41","147.05","149.08","146.83","50.55M","-0.34%"
"02/27/2023","147.92","147.71","149.17","147.45","45.00M","0.82%"
"02/24/2023","146.71","147.11","147.19","145.72","55.47M","-1.80%"
"02/23/2023","149.40","150.09","150.34","147.24","48.39M","0.33%"
"02/22/2023","148.91","148.87","149.95","147.16","51.01M","0.29%"
"02/21/2023","148.48","150.20","151.30","148.40","58.87M","-2.67%"
"02/17/2023","152.55","152.35","153.00","150.85","59.14M","-0.75%"
"02/16/2023","153.71","153.51","156.33","153.35","68.17M","-1.04%"
"02/15/2023","155.33","153.11","155.50","152.88","65.67M","1.39%"
"02/14/2023","153.20","152.12","153.77","150.86","61.71M","-0.42%"
"02/13/2023","153.85","150.95","154.26","150.92","62.20M","1.88%"
"02/10/2023","151.01","149.46","151.34","149.22","57.45M","0.09%"
"02/09/2023","150.87","153.77","154.33","150.42","56.01M","-0.69%"
"02/08/2023","151.92","153.88","154.58","151.17","64.12M","-1.77%"
"02/07/2023","154.65","150.64","155.23","150.64","83.32M","1.92%"
"02/06/2023","151.73","152.57","153.10","150.78","69.86M","-1.79%"
"02/03/2023","154.50","148.03","157.38","147.83","154.36M","2.44%"
"02/02/2023","150.82","148.90","151.18","148.17","118.34M","3.71%"
"02/01/2023","145.43","143.97","146.61","141.32","77.66M","0.79%"
"01/31/2023","144.29","142.70","144.34","142.28","65.87M","0.90%"
"01/30/2023","143.00","144.96","145.55","142.85","64.02M","-2.01%"
"01/27/2023","145.93","143.15","147.23","143.08","70.56M","1.37%"
"01/26/2023","143.96","143.17","144.25","141.90","54.11M","1.48%"
"01/25/2023","141.86","140.89","142.43","138.81","65.80M","-0.47%"
"01/24/2023","142.53","140.30","143.16","140.30","66.44M","1.01%"
"01/23/2023","141.11","138.12","143.32","137.90","81.76M","2.35%"
"01/20/2023","137.87","135.28","138.02","134.22","80.22M","1.92%"
"01/19/2023","135.27","134.08","136.25","133.77","58.28M","0.04%"
"01/18/2023","135.21","136.82","138.61","135.03","69.67M","-0.54%"
"01/17/2023","135.94","134.83","137.29","134.13","63.65M","0.88%"
"01/13/2023","134.76","132.03","134.92","131.66","57.81M","1.01%"
"01/12/2023","133.41","133.88","134.26","131.44","71.38M","-0.06%"
"01/11/2023","133.49","131.25","133.51","130.46","69.46M","2.11%"
"01/10/2023","130.73","130.26","131.26","128.12","63.90M","0.45%"
"01/09/2023","130.15","130.46","133.41","129.89","70.79M","0.41%"
"01/06/2023","129.62","126.01","130.29","124.89","87.75M","3.68%"
"01/05/2023","125.02","127.13","127.77","124.76","80.96M","-1.06%"
"01/04/2023","126.36","126.89","128.66","125.08","89.11M","1.03%"
"01/03/2023","125.07","130.28","130.90","124.17","112.12M","-3.74%"
"12/30/2022","129.93","128.41","129.95","127.43","77.03M","0.25%"
"12/29/2022","129.61","127.99","130.48","127.73","75.70M","2.83%"
"12/28/2022","126.04","129.67","131.03","125.87","85.44M","-3.07%"
"12/27/2022","130.03","131.38","131.41","128.72","69.01M","-1.39%"
"12/23/2022","131.86","130.92","132.41","129.64","63.81M","-0.28%"
"12/22/2022","132.23","134.35","134.56","130.30","77.85M","-2.38%"
"12/21/2022","135.45","132.98","136.81","132.75","85.93M","2.38%"
"12/20/2022","132.30","131.39","133.25","129.89","77.43M","-0.05%"
"12/19/2022","132.37","135.11","135.20","131.32","79.59M","-1.59%"
"12/16/2022","134.51","136.68","137.65","133.73","160.16M","-1.46%"
"12/15/2022","136.50","141.11","141.80","136.02","98.93M","-4.69%"
"12/14/2022","143.21","145.35","146.65","141.16","82.29M","-1.55%"
"12/13/2022","145.47","149.50","149.97","144.24","93.89M","0.68%"
"12/12/2022","144.49","142.70","144.50","141.06","70.46M","1.64%"
"12/09/2022","142.16","142.34","145.57","140.90","76.10M","-0.34%"
"12/08/2022","142.65","142.36","143.52","141.10","62.13M","1.21%"
"12/07/2022","140.94","142.19","143.37","140.00","69.72M","-1.38%"
"12/06/2022","142.91","147.07","147.30","141.92","64.73M","-2.54%"
"12/05/2022","146.63","147.77","150.92","145.77","68.83M","-0.80%"
"12/02/2022","147.81","145.96","148.00","145.65","65.45M","-0.34%"
"12/01/2022","148.31","148.21","149.13","146.61","71.25M","0.19%"
"11/30/2022","148.03","141.40","148.72","140.55","111.38M","4.86%"
"11/29/2022","141.17","144.29","144.81","140.35","83.76M","-2.11%"
"11/28/2022","144.22","145.14","146.64","143.38","69.35M","-2.63%"
"11/25/2022","148.11","148.30","148.88","147.12","35.20M","-1.96%"
"11/23/2022","151.07","149.45","151.83","149.34","58.30M","0.59%"
"11/22/2022","150.18","148.13","150.42","146.93","51.80M","1.47%"
"11/21/2022","148.01","150.16","150.37","147.71","58.72M","-2.17%"
"11/18/2022","151.29","152.30","152.70","149.97","74.83M","0.38%"
"11/17/2022","150.72","146.43","151.48","146.15","80.39M","1.30%"
"11/16/2022","148.79","149.13","149.87","147.29","64.22M","-0.83%"
"11/15/2022","150.04","152.21","153.59","148.56","89.87M","1.19%"
"11/14/2022","148.28","148.97","150.28","147.43","73.37M","-0.95%"
"11/11/2022","149.70","145.82","150.01","144.37","93.98M","1.93%"
"11/10/2022","146.87","141.24","146.87","139.50","118.85M","8.90%"
"11/09/2022","134.87","138.50","138.55","134.59","74.92M","-3.32%"
"11/08/2022","139.50","140.41","141.43","137.49","89.91M","0.42%"
"11/07/2022","138.92","137.11","139.15","135.67","83.37M","0.39%"
"11/04/2022","138.38","142.09","142.67","134.38","140.81M","-0.36%"
"11/03/2022","138.88","142.06","142.80","138.75","97.92M","-4.24%"
"11/02/2022","145.03","148.95","152.17","145.00","93.60M","-3.73%"
"11/01/2022","150.65","155.08","155.45","149.13","80.38M","-1.75%"
"10/31/2022","153.34","153.15","154.24","151.92","97.94M","-1.54%"
"10/28/2022","155.74","148.20","157.50","147.82","164.76M","7.56%"
"10/27/2022","144.80","148.07","149.05","144.13","109.18M","-3.05%"
"10/26/2022","149.35","150.96","151.99","148.04","88.44M","-1.96%"
"10/25/2022","152.34","150.09","152.49","149.36","74.73M","1.93%"
"10/24/2022","149.45","147.18","150.23","146.00","75.98M","1.48%"
"10/21/2022","147.27","142.87","147.85","142.65","86.55M","2.71%"
"10/20/2022","143.39","143.02","145.89","142.65","64.52M","-0.33%"
"10/19/2022","143.86","141.69","144.95","141.50","61.76M","0.08%"
"10/18/2022","143.75","145.49","146.70","140.61","99.14M","0.94%"
"10/17/2022","142.41","141.07","142.90","140.27","85.25M","2.91%"
"10/14/2022","138.38","144.31","144.52","138.19","88.60M","-3.22%"
"10/13/2022","142.99","134.99","143.59","134.37","113.22M","3.36%"
"10/12/2022","138.34","139.13","140.36","138.16","70.43M","-0.46%"
"10/11/2022","138.98","139.90","141.35","138.22","77.03M","-1.03%"
"10/10/2022","140.42","140.42","141.89","138.57","74.90M","0.24%"